timestamp,wind_speed_ms
2025-06-01 00:00:00+00:00,2.03823731
2025-06-01 01:00:00+00:00,12.78156885
2025-06-01 02:00:00+00:00,3.45952178
2025-06-01 03:00:00+00:00,12.01608524
2025-06-01 04:00:00+00:00,6.89270308
2025-06-01 05:00:00+00:00,9.32329604
2025-06-01 06:00:00+00:00,13.18816276
2025-06-01 07:00:00+00:00,9.25419680
2025-06-01 08:00:00+00:00,5.29754518
2025-06-01 09:00:00+00:00,6.80142585
2025-06-01 10:00:00+00:00,12.32442456
2025-06-01 11:00:00+00:00,2.57776237
2025-06-01 12:00:00+00:00,7.19626819
2025-06-01 13:00:00+00:00,3.20943335
2025-06-01 14:00:00+00:00,5.29662358
2025-06-01 15:00:00+00:00,4.19967571
2025-06-01 16:00:00+00:00,7.50532410
2025-06-01 17:00:00+00:00,10.25748634
2025-06-01 18:00:00+00:00,13.12404979
2025-06-01 19:00:00+00:00,16.08839228
2025-06-01 20:00:00+00:00,5.10179028
2025-06-01 21:00:00+00:00,3.44933160
2025-06-01 22:00:00+00:00,5.19171551
2025-06-01 23:00:00+00:00,5.07211446
2025-06-02 00:00:00+00:00,10.04146520
2025-06-02 01:00:00+00:00,10.49281388
2025-06-02 02:00:00+00:00,2.97573142
2025-06-02 03:00:00+00:00,2.70042090
2025-06-02 04:00:00+00:00,4.49694938
2025-06-02 05:00:00+00:00,3.92173278
2025-06-02 06:00:00+00:00,2.25879728
2025-06-02 07:00:00+00:00,4.74238093
2025-06-02 08:00:00+00:00,10.61219400
2025-06-02 09:00:00+00:00,10.48537160
2025-06-02 10:00:00+00:00,10.54999415
2025-06-02 11:00:00+00:00,11.93763428
2025-06-02 12:00:00+00:00,2.74006609
2025-06-02 13:00:00+00:00,5.41083762
2025-06-02 14:00:00+00:00,1.23872994
2025-06-02 15:00:00+00:00,5.68763815
2025-06-02 16:00:00+00:00,1.94686605
2025-06-02 17:00:00+00:00,7.57923583
2025-06-02 18:00:00+00:00,8.27424202
2025-06-02 19:00:00+00:00,2.98492320
2025-06-02 20:00:00+00:00,5.76424015
2025-06-02 21:00:00+00:00,7.34498700
2025-06-02 22:00:00+00:00,10.62529839
2025-06-02 23:00:00+00:00,9.11105617
2025-06-03 00:00:00+00:00,8.68661297
2025-06-03 01:00:00+00:00,7.97174565
2025-06-03 02:00:00+00:00,7.51315683
2025-06-03 03:00:00+00:00,6.17671978
2025-06-03 04:00:00+00:00,7.29286573
2025-06-03 05:00:00+00:00,2.58152236
2025-06-03 06:00:00+00:00,4.35635062
2025-06-03 07:00:00+00:00,8.51358213
2025-06-03 08:00:00+00:00,15.39312346
2025-06-03 09:00:00+00:00,11.10521354
2025-06-03 10:00:00+00:00,6.01349976
2025-06-03 11:00:00+00:00,5.44974259
2025-06-03 12:00:00+00:00,13.08888692
2025-06-03 13:00:00+00:00,7.09874870
2025-06-03 14:00:00+00:00,5.33691388
2025-06-03 15:00:00+00:00,10.26860919
2025-06-03 16:00:00+00:00,15.33120035
2025-06-03 17:00:00+00:00,9.13247799
2025-06-03 18:00:00+00:00,3.82422471
2025-06-03 19:00:00+00:00,1.60423783
2025-06-03 20:00:00+00:00,6.09675222
2025-06-03 21:00:00+00:00,1.76307933
2025-06-03 22:00:00+00:00,4.93355505
2025-06-03 23:00:00+00:00,4.44649381
2025-06-04 00:00:00+00:00,9.41602725
2025-06-04 01:00:00+00:00,1.18683887
2025-06-04 02:00:00+00:00,12.99478877
2025-06-04 03:00:00+00:00,8.89164867
2025-06-04 04:00:00+00:00,5.30885486
2025-06-04 05:00:00+00:00,4.98966078
2025-06-04 06:00:00+00:00,13.06027956
2025-06-04 07:00:00+00:00,6.86991877
2025-06-04 08:00:00+00:00,5.78687080
2025-06-04 09:00:00+00:00,10.25846737
2025-06-04 10:00:00+00:00,8.76365947
2025-06-04 11:00:00+00:00,13.17030925
2025-06-04 12:00:00+00:00,8.06664550
2025-06-04 13:00:00+00:00,4.81484477
2025-06-04 14:00:00+00:00,5.02703906
2025-06-04 15:00:00+00:00,4.76375211
2025-06-04 16:00:00+00:00,2.50932190
2025-06-04 17:00:00+00:00,12.45996246
2025-06-04 18:00:00+00:00,1.61298026
2025-06-04 19:00:00+00:00,8.26757635
2025-06-04 20:00:00+00:00,5.76286046
2025-06-04 21:00:00+00:00,7.69916365
2025-06-04 22:00:00+00:00,1.49739449
2025-06-04 23:00:00+00:00,3.44538215
2025-06-05 00:00:00+00:00,4.56141332
2025-06-05 01:00:00+00:00,5.78186389
2025-06-05 02:00:00+00:00,7.42758013
2025-06-05 03:00:00+00:00,4.22965151
2025-06-05 04:00:00+00:00,6.55388070
2025-06-05 05:00:00+00:00,6.36001982
2025-06-05 06:00:00+00:00,7.98314729
2025-06-05 07:00:00+00:00,9.74640797
2025-06-05 08:00:00+00:00,11.24419458
2025-06-05 09:00:00+00:00,10.83185236
2025-06-05 10:00:00+00:00,7.22877687
2025-06-05 11:00:00+00:00,5.31372102
2025-06-05 12:00:00+00:00,7.53163971
2025-06-05 13:00:00+00:00,3.84329811
2025-06-05 14:00:00+00:00,8.79674424
2025-06-05 15:00:00+00:00,9.52894607
2025-06-05 16:00:00+00:00,13.34438761
2025-06-05 17:00:00+00:00,5.85896017
2025-06-05 18:00:00+00:00,3.00820606
2025-06-05 19:00:00+00:00,4.19951690
2025-06-05 20:00:00+00:00,6.54127851
2025-06-05 21:00:00+00:00,10.58665091
2025-06-05 22:00:00+00:00,9.77435164
2025-06-05 23:00:00+00:00,6.38038998
2025-06-06 00:00:00+00:00,0.95118600
2025-06-06 01:00:00+00:00,7.57176507
2025-06-06 02:00:00+00:00,4.54428532
2025-06-06 03:00:00+00:00,6.00145727
2025-06-06 04:00:00+00:00,11.92733377
2025-06-06 05:00:00+00:00,9.10924765
2025-06-06 06:00:00+00:00,11.01841940
2025-06-06 07:00:00+00:00,1.98088212
2025-06-06 08:00:00+00:00,7.16465432
2025-06-06 09:00:00+00:00,12.27854258
2025-06-06 10:00:00+00:00,8.62777938
2025-06-06 11:00:00+00:00,8.50408571
2025-06-06 12:00:00+00:00,10.57646518
2025-06-06 13:00:00+00:00,3.82560670
2025-06-06 14:00:00+00:00,5.35737172
2025-06-06 15:00:00+00:00,16.49910781
2025-06-06 16:00:00+00:00,3.80912266
2025-06-06 17:00:00+00:00,5.02121285
2025-06-06 18:00:00+00:00,7.74546061
2025-06-06 19:00:00+00:00,5.53977833
2025-06-06 20:00:00+00:00,5.10088771
2025-06-06 21:00:00+00:00,7.57625499
2025-06-06 22:00:00+00:00,10.95274765
2025-06-06 23:00:00+00:00,10.67079717
2025-06-07 00:00:00+00:00,3.92337926
2025-06-07 01:00:00+00:00,11.10869397
2025-06-07 02:00:00+00:00,9.33376300
2025-06-07 03:00:00+00:00,3.91144984
2025-06-07 04:00:00+00:00,4.22101339
2025-06-07 05:00:00+00:00,6.63721260
2025-06-07 06:00:00+00:00,2.58447715
2025-06-07 07:00:00+00:00,13.73522339
2025-06-07 08:00:00+00:00,8.03785964
2025-06-07 09:00:00+00:00,5.05635782
2025-06-07 10:00:00+00:00,12.32680324
2025-06-07 11:00:00+00:00,8.04513073
2025-06-07 12:00:00+00:00,15.14168354
2025-06-07 13:00:00+00:00,14.28748480
2025-06-07 14:00:00+00:00,12.88852286
2025-06-07 15:00:00+00:00,7.12860977
2025-06-07 16:00:00+00:00,6.94570139
2025-06-07 17:00:00+00:00,12.71938765
2025-06-07 18:00:00+00:00,8.13234853
2025-06-07 19:00:00+00:00,8.51995404
2025-06-07 20:00:00+00:00,5.64058233
2025-06-07 21:00:00+00:00,6.76671445
2025-06-07 22:00:00+00:00,5.13290417
2025-06-07 23:00:00+00:00,9.71796205
